model,numer_seryjny,liczba_miejsc,producent,data_produkcji,data_zakupu,koszt_zakupu,calkowita_waga
Airbus A300,AX6964,265,Airbus,1973-03-30,1974-02-21,84665000,121250
Boeing 737-200,BU1779,136,Boeing,1971-04-15,1974-07-15,52136000,56800
Airbus A300,AU6364,265,Airbus,1975-03-18,1976-01-04,84865000,121250
Airbus A300,AK6234,266,Airbus,1974-12-07,1976-06-14,85566000,121300
Boeing 737-200,BQ7749,105,Boeing,1975-12-17,1976-07-26,53105000,55250
Boeing 737-200,BL1955,136,Boeing,1974-01-10,1976-09-20,52236000,56800
L-1011 TriStar,LE3035,230,Lockheed,1975-02-21,1976-10-25,29020000,123500
Airbus A300,AU282,260,Airbus,1976-10-28,1977-03-29,85760000,121000
L-1011 TriStar,LX2736,225,Lockheed,1976-10-31,1977-04-22,27925000,123250
Airbus A300,AT2660,265,Airbus,1974-12-05,1977-07-21,85965000,121250
Airbus A300,AO7052,266,Airbus,1974-04-14,1977-09-02,85366000,121300
L-1011 TriStar,LF2728,234,Lockheed,1977-03-17,1978-12-17,28434000,123700
Boeing 737-200,BA5920,105,Boeing,1977-12-12,1979-06-17,52705000,55250
L-1011 TriStar,LJ7095,234,Lockheed,1978-12-15,1979-07-03,28734000,123700
Boeing 737-200,BW2330,136,Boeing,1976-01-29,1979-11-20,52636000,56800
L-1011 TriStar,LX3842,220,Lockheed,1979-11-04,1980-02-02,28620000,123000
L-1011 TriStar,LG215,234,Lockheed,1979-08-30,1980-04-29,29034000,123700
L-1011 TriStar,LO5473,220,Lockheed,1979-06-25,1980-09-13,28820000,123000
L-1011 TriStar,LC1093,220,Lockheed,1978-04-29,1980-09-14,28520000,123000
Boeing 737-200,BC608,115,Boeing,1979-07-17,1980-10-03,52905000,55750
L-1011 TriStar,LA4540,220,Lockheed,1977-02-27,1980-11-26,29420000,123000
Boeing 737-200,BW4707,136,Boeing,1979-12-30,1981-06-15,52136000,56800
L-1011 TriStar,LT7427,220,Lockheed,1979-01-10,1981-07-07,29020000,123000
Airbus A300,AR6562,265,Airbus,1980-04-14,1981-08-29,85565000,121250
Boeing 737-200,BJ5945,105,Boeing,1978-07-25,1981-09-06,53205000,55250
L-1011 TriStar,LQ5178,220,Lockheed,1979-11-04,1982-01-14,29620000,123000
McDonnell Douglas MD-80,MI2830,135,McDonnell Douglas,1981-01-06,1982-09-06,36535000,40750
L-1011 TriStar,LR1396,225,Lockheed,1979-01-31,1982-09-30,28625000,123250
McDonnell Douglas MD-80,MR3203,172,McDonnell Douglas,1981-04-29,1982-11-10,37172000,42600
Boeing 737-200,BB6466,136,Boeing,1981-01-22,1983-01-03,52336000,56800
Boeing 767,BD4608,181,Boeing,1982-12-23,1983-02-22,46081000,89050
Airbus A300,AM4985,260,Airbus,1981-09-24,1983-07-13,85460000,121000
Boeing 767,BO4246,186,Boeing,1981-02-10,1983-09-19,46786000,89300
McDonnell Douglas MD-80,MQ7823,130,McDonnell Douglas,1981-12-11,1983-09-27,37930000,40500
McDonnell Douglas MD-80,MH7616,130,McDonnell Douglas,1982-11-15,1983-12-23,38030000,40500
Boeing 737-200,BU7491,105,Boeing,1982-03-28,1984-01-16,53205000,55250
McDonnell Douglas MD-80,ML4625,130,McDonnell Douglas,1982-12-11,1984-02-03,37630000,40500
McDonnell Douglas MD-80,MN5860,135,McDonnell Douglas,1981-04-28,1984-04-02,36335000,40750
McDonnell Douglas MD-80,MX3917,135,McDonnell Douglas,1981-01-24,1984-04-08,37135000,40750
Boeing 757-300,BH2368,200,Boeing,1983-12-18,1984-07-28,48200000,62000
Boeing 737-200,BI1284,100,Boeing,1983-06-17,1984-08-27,53300000,55000
L-1011 TriStar,LB4253,234,Lockheed,1981-11-22,1984-09-16,29234000,123700
Boeing 737-200,BI1725,100,Boeing,1982-11-03,1984-09-20,52400000,55000
L-1011 TriStar,LN1880,234,Lockheed,1981-08-14,1984-09-28,29634000,123700
McDonnell Douglas MD-80,MO7388,130,McDonnell Douglas,1983-04-30,1984-11-03,37330000,40500
McDonnell Douglas MD-80,MX6471,130,McDonnell Douglas,1981-09-10,1984-11-18,37930000,40500
Boeing 757-300,BY3229,234,Boeing,1984-11-29,1985-02-06,48934000,63700
L-1011 TriStar,LH2040,234,Lockheed,1983-11-13,1985-03-04,28634000,123700
Airbus A300,AW1441,266,Airbus,1984-03-19,1985-05-07,87366000,121300
Boeing 767,BX4974,186,Boeing,1982-09-19,1985-07-17,46886000,89300
Airbus A300,AC1754,266,Airbus,1983-03-30,1985-07-31,86866000,121300
McDonnell Douglas MD-80,MR575,130,McDonnell Douglas,1983-11-05,1985-09-11,37930000,40500
L-1011 TriStar,LT3505,220,Lockheed,1982-11-12,1985-10-30,29120000,123000
Boeing 757-300,BV7234,200,Boeing,1984-12-05,1985-11-30,48300000,62000
L-1011 TriStar,LE2552,244,Lockheed,1983-09-28,1986-02-02,29834000,124200
Boeing 767,BD2833,186,Boeing,1984-08-06,1986-05-02,45886000,89300
L-1011 TriStar,LI2281,225,Lockheed,1985-01-14,1986-05-17,30025000,123250
Airbus A300,AU2725,260,Airbus,1985-02-19,1986-05-25,86460000,121000
Airbus A300,AQ2530,260,Airbus,1984-05-23,1986-09-10,85960000,121000
Boeing 757-300,BV794,234,Boeing,1983-10-31,1986-11-25,48834000,63700
L-1011 TriStar,LA398,225,Lockheed,1985-02-23,1987-02-13,30225000,123250
McDonnell Douglas MD-80,MQ417,172,McDonnell Douglas,1985-08-31,1987-03-06,36772000,42600
McDonnell Douglas MD-80,ME6299,135,McDonnell Douglas,1984-11-09,1987-03-12,36835000,40750
L-1011 TriStar,LM6478,220,Lockheed,1986-08-01,1987-03-28,29920000,123000
McDonnell Douglas MD-80,MA261,135,McDonnell Douglas,1986-06-30,1987-07-02,38035000,40750
Boeing 767,BJ6248,181,Boeing,1985-05-11,1987-07-09,45781000,89050
Boeing 767,BV3758,186,Boeing,1984-09-25,1987-07-25,47086000,89300
L-1011 TriStar,LP2054,225,Lockheed,1985-07-24,1987-07-31,30025000,123250
L-1011 TriStar,LY4047,234,Lockheed,1986-06-27,1988-01-05,29334000,123700
Boeing 767,BD922,375,Boeing,1986-05-24,1988-01-17,47475000,98750
Boeing 737-200,BG342,105,Boeing,1986-10-19,1988-01-21,53405000,55250
McDonnell Douglas MD-80,MI5286,172,McDonnell Douglas,1985-06-13,1988-04-11,36972000,42600
Boeing 737-200,BG210,105,Boeing,1987-01-05,1988-05-17,52905000,55250
L-1011 TriStar,LU1084,234,Lockheed,1987-10-13,1988-06-02,29834000,123700
Boeing 757-300,BR264,205,Boeing,1986-08-25,1988-06-09,47905000,62250
Boeing 767,BU3450,181,Boeing,1986-10-12,1988-07-03,47281000,89050
Airbus A300,AX7458,260,Airbus,1986-07-17,1988-08-09,87560000,121000
McDonnell Douglas MD-80,MF7417,135,McDonnell Douglas,1985-02-03,1988-08-24,37935000,40750
Boeing 757-300,BY3537,234,Boeing,1985-03-03,1988-12-14,49434000,63700
L-1011 TriStar,LV6292,225,Lockheed,1986-04-12,1989-01-02,29725000,123250
McDonnell Douglas MD-80,MT3858,135,McDonnell Douglas,1986-01-09,1989-01-05,37235000,40750
L-1011 TriStar,LJ846,220,Lockheed,1986-03-24,1989-03-03,29320000,123000
Boeing 737-200,BB7964,105,Boeing,1987-10-03,1989-03-17,54505000,55250
Boeing 757-300,BD4831,234,Boeing,1986-09-10,1989-10-25,49134000,63700
McDonnell Douglas MD-80,ML2179,172,McDonnell Douglas,1989-03-16,1990-02-20,38372000,42600
Airbus A300,AK6995,260,Airbus,1987-07-18,1990-04-06,86060000,121000
Airbus A300,AU311,265,Airbus,1989-12-11,1990-05-22,87265000,121250
McDonnell Douglas MD-80,MB3583,172,McDonnell Douglas,1987-07-27,1990-12-20,37572000,42600
McDonnell Douglas MD-80,MV196,135,McDonnell Douglas,1991-06-21,1992-02-08,38735000,40750
Boeing 757-300,BN269,200,Boeing,1990-03-26,1992-04-03,48300000,62000
Airbus A300,AI392,266,Airbus,1991-12-23,1992-06-24,86666000,121300
Airbus A300,AQ1687,266,Airbus,1991-09-17,1992-07-17,86466000,121300
McDonnell Douglas MD-80,MB1765,130,McDonnell Douglas,1990-02-17,1992-10-06,37830000,40500
Boeing 757-300,BA3053,234,Boeing,1990-01-24,1992-12-30,48734000,63700
Airbus A300,AM5367,260,Airbus,1992-08-19,1993-01-26,88160000,121000
Airbus A300,AN2181,265,Airbus,1992-05-29,1993-02-07,86565000,121250
McDonnell Douglas MD-80,MU5037,130,McDonnell Douglas,1990-12-22,1993-03-03,38830000,40500
L-1011 TriStar,LX467,225,Lockheed,1990-07-21,1993-03-12,30725000,123250
Boeing 737-200,BI7125,105,Boeing,1991-12-22,1993-07-19,53305000,55250
Boeing 767,BD6941,186,Boeing,1992-01-02,1993-08-27,46486000,89300
Boeing 737-200,BK7929,136,Boeing,1992-01-18,1993-11-13,54836000,56800
McDonnell Douglas MD-80,MC5073,130,McDonnell Douglas,1992-05-29,1993-11-17,37430000,40500
Boeing 757-300,BT5493,200,Boeing,1992-10-28,1993-12-17,49100000,62000
Boeing 757-300,BF7810,234,Boeing,1992-08-04,1993-12-30,49734000,63700
L-1011 TriStar,LH2069,225,Lockheed,1991-04-01,1994-01-21,30625000,123250
Boeing 767,BP7951,186,Boeing,1992-09-29,1994-04-03,47086000,89300
L-1011 TriStar,LL3525,220,Lockheed,1993-03-18,1994-05-15,30620000,123000
Boeing 757-300,BV7405,205,Boeing,1992-09-24,1994-07-11,49705000,62250
Airbus A340,AS5576,305,Airbus,1993-01-10,1994-09-27,98105000,182250
L-1011 TriStar,LT4382,234,Lockheed,1993-09-14,1994-11-10,29634000,123700
Boeing 757-300,BQ6406,234,Boeing,1994-07-06,1995-01-12,48734000,63700
Airbus A300,AC6841,260,Airbus,1992-10-23,1995-01-22,87160000,121000
Boeing 737-200,BP7604,136,Boeing,1992-07-30,1995-02-16,53436000,56800
Airbus A300,AE6911,265,Airbus,1992-01-16,1995-03-27,86965000,121250
Embraer 145,EQ5532,53,Embraer,1994-07-16,1995-05-08,9953000,14650
Boeing 737-200,BC4607,105,Boeing,1992-08-17,1995-05-23,53405000,55250
Boeing 757-300,BU5728,205,Boeing,1994-11-05,1995-06-25,50105000,62250
Boeing 737-200,BK3299,105,Boeing,1993-02-26,1995-10-11,53905000,55250
L-1011 TriStar,LC5126,234,Lockheed,1993-03-08,1995-11-20,30234000,123700
Boeing 767,BE3351,186,Boeing,1993-10-02,1996-02-06,47786000,89300
Boeing 737-200,BQ2460,100,Boeing,1994-02-16,1996-03-17,54000000,55000
Boeing 737-200,BJ5243,105,Boeing,1993-01-02,1996-05-06,54505000,55250
Boeing 757-300,BE4602,205,Boeing,1994-11-29,1996-05-12,48905000,62250
McDonnell Douglas MD-80,MH4356,135,McDonnell Douglas,1993-09-20,1996-10-07,38735000,40750
Airbus A340,AN6827,305,Airbus,1994-09-06,1997-02-17,98405000,182250
Embraer 145,EM7384,51,Embraer,1996-02-26,1997-02-28,8751000,14550
Embraer 145,EA3302,48,Embraer,1996-05-17,1997-03-26,10348000,14400
Boeing 767,BY5950,186,Boeing,1994-10-01,1997-03-29,48286000,89300
Airbus A340,AD1533,305,Airbus,1995-08-09,1997-05-22,97505000,182250
McDonnell Douglas MD-80,ME3491,135,McDonnell Douglas,1995-06-12,1997-06-09,39135000,40750
Boeing 767,BK6184,375,Boeing,1994-02-23,1997-06-16,48275000,98750
Airbus A340,AI3213,300,Airbus,1996-04-19,1997-07-19,98400000,182000
L-1011 TriStar,LH6814,225,Lockheed,1995-11-26,1997-07-21,30425000,123250
McDonnell Douglas MD-80,MX1960,135,McDonnell Douglas,1996-06-29,1997-09-07,39435000,40750
Boeing 757-300,BE1315,200,Boeing,1995-11-27,1997-09-18,49000000,62000
McDonnell Douglas MD-80,MO1838,172,McDonnell Douglas,1995-08-17,1997-09-19,39172000,42600
Embraer 145,EW7957,53,Embraer,1994-05-18,1997-10-04,9753000,14650
Airbus A340,AD7080,300,Airbus,1994-11-16,1997-10-11,97200000,182000
Airbus A340,AG3177,305,Airbus,1995-03-26,1997-10-14,97105000,182250
Boeing 767,BO853,186,Boeing,1995-08-05,1997-11-05,47186000,89300
Boeing 737-200,BM4069,136,Boeing,1995-08-25,1997-11-23,54136000,56800
Embraer 145,EV1796,48,Embraer,1997-09-23,1998-01-02,10448000,14400
Airbus A340,AA4453,300,Airbus,1996-01-09,1998-04-07,98000000,182000
Embraer 145,EW1702,53,Embraer,1997-03-16,1998-05-27,10253000,14650
Boeing 737-200,BA3965,100,Boeing,1995-09-08,1998-07-11,54300000,55000
Airbus A340,AD2032,300,Airbus,1995-07-14,1998-07-14,96900000,182000
L-1011 TriStar,LP7912,234,Lockheed,1995-05-01,1998-08-02,30434000,123700
Embraer 145,ES2859,51,Embraer,1997-11-22,1998-08-26,9651000,14550
Boeing 767,BQ5778,196,Boeing,1996-01-02,1998-08-28,48486000,89800
Airbus A300,AE5830,266,Airbus,1997-06-05,1998-11-20,87266000,121300
Boeing 767,BF2013,186,Boeing,1995-12-03,1998-12-10,47786000,89300
Embraer 145,ET2962,53,Embraer,1996-04-30,1999-06-24,9953000,14650
McDonnell Douglas MD-80,MJ4838,135,McDonnell Douglas,1997-09-20,1999-07-12,37935000,40750
Embraer 145,EA696,53,Embraer,1996-11-19,1999-08-08,9553000,14650
L-1011 TriStar,LK1832,225,Lockheed,1997-05-21,1999-08-14,30225000,123250
Boeing 767,BB3585,375,Boeing,1998-06-09,1999-11-04,48275000,98750
Boeing 737-200,BI5355,105,Boeing,1998-03-15,1999-12-20,55005000,55250
Airbus A340,AU4171,305,Airbus,1998-02-27,2000-01-23,98805000,182250
Boeing 737-200,BE7404,105,Boeing,1999-01-26,2000-03-16,55105000,55250
Embraer 145,EH5181,51,Embraer,1998-04-05,2000-03-17,8951000,14550
Embraer 145,EB7108,51,Embraer,1997-01-31,2000-05-01,9251000,14550
Boeing 737-200,BY880,136,Boeing,1999-03-18,2000-07-10,55536000,56800
Airbus A340,AD7857,300,Airbus,1999-02-13,2000-08-25,98900000,182000
Airbus A340,AW2954,380,Airbus,1999-09-03,2000-08-26,98980000,186000
Embraer 145,EO6940,53,Embraer,1997-04-23,2000-11-11,8853000,14650
Embraer 145,EK4190,51,Embraer,1999-09-15,2000-11-21,10051000,14550
McDonnell Douglas MD-80,MI2004,135,McDonnell Douglas,1997-10-31,2000-11-27,38335000,40750
Boeing 767,BG4040,181,Boeing,2000-04-10,2001-02-11,47481000,89050
Boeing 757-300,BX2942,200,Boeing,2000-11-25,2001-03-16,50900000,62000
Airbus A340,AF4856,300,Airbus,1998-06-15,2001-05-26,98800000,182000
L-1011 TriStar,LC2141,234,Lockheed,1999-09-05,2001-07-06,30634000,123700
Boeing 767,BH7837,181,Boeing,1999-08-28,2001-08-06,47981000,89050
Boeing 737-200,BQ4421,105,Boeing,2000-11-30,2001-10-29,54205000,55250
Embraer 145,EW4298,48,Embraer,1998-05-05,2001-11-07,9548000,14400
McDonnell Douglas MD-80,MN666,130,McDonnell Douglas,2000-09-11,2001-11-08,38830000,40500
McDonnell Douglas MD-80,MH1298,130,McDonnell Douglas,1998-05-05,2001-11-13,38230000,40500
Boeing 767,BG1096,181,Boeing,1999-10-18,2002-02-21,47981000,89050
L-1011 TriStar,LA5680,220,Lockheed,2000-04-25,2002-02-21,30720000,123000
Boeing 737-200,BX3913,136,Boeing,2001-09-20,2002-02-23,55336000,56800
Boeing 767,BR5997,181,Boeing,1999-05-24,2002-03-26,48781000,89050
Airbus A340,AQ5247,305,Airbus,2001-10-14,2002-05-16,97905000,182250
McDonnell Douglas MD-80,MJ765,135,McDonnell Douglas,2000-09-16,2002-11-06,38435000,40750
Airbus A340,AW4347,380,Airbus,2000-10-26,2002-11-17,99080000,186000
Airbus A340,AU3963,300,Airbus,2001-12-07,2002-11-20,97700000,182000
Boeing 737-200,BT164,105,Boeing,2001-11-12,2002-12-20,54505000,55250
Boeing 757-300,BE982,234,Boeing,2000-04-23,2002-12-21,49334000,63700
Embraer 145,EB3909,53,Embraer,2001-04-24,2003-01-13,9453000,14650
Boeing 757-300,BP6893,200,Boeing,2002-01-19,2003-02-08,49500000,62000
Airbus A340,AI7860,305,Airbus,2002-05-16,2003-06-01,98205000,182250
Airbus A300,AJ796,265,Airbus,2002-09-08,2003-07-06,88365000,121250
L-1011 TriStar,LM4633,220,Lockheed,2000-02-18,2003-07-26,31120000,123000
Airbus A340,AA6226,305,Airbus,2002-05-12,2003-09-17,98405000,182250
Boeing 737-200,BO3793,100,Boeing,2002-10-30,2003-10-16,55200000,55000
Airbus A300,AS7265,266,Airbus,2000-05-16,2003-12-05,88166000,121300
Airbus A340,AN881,305,Airbus,2001-08-14,2003-12-14,98905000,182250
Boeing 757-300,BG3388,200,Boeing,2000-03-06,2003-12-15,49500000,62000
Airbus A340,AQ4439,380,Airbus,2000-09-28,2003-12-29,98680000,186000
Embraer 175,EY7881,112,Embraer,2003-05-27,2004-01-05,38712000,27600
Airbus A318,AT4397,125,Airbus,2002-04-28,2004-01-30,48025000,41250
Embraer 145,EP5763,51,Embraer,2002-05-11,2004-01-30,9751000,14550
Embraer 145,EU7037,51,Embraer,2001-10-03,2004-02-23,10251000,14550
Embraer 145,EK5773,51,Embraer,2003-03-23,2004-02-24,9451000,14550
Airbus A300,AV1351,260,Airbus,2002-02-11,2004-03-21,88560000,121000
Embraer 145,EB4653,51,Embraer,2001-04-09,2004-05-15,9651000,14550
L-1011 TriStar,LD3046,220,Lockheed,2001-11-04,2004-05-18,30420000,123000
Boeing 767,BY7146,375,Boeing,2003-06-23,2004-06-11,48975000,98750
Embraer 175,ED6770,112,Embraer,2003-07-05,2004-06-21,39912000,27600
Airbus A340,AX2750,305,Airbus,2003-10-15,2004-06-26,97905000,182250
Boeing 767,BR3741,181,Boeing,2003-11-04,2004-07-27,49181000,89050
Airbus A318,AQ3017,125,Airbus,2002-06-22,2004-09-30,49025000,41250
Embraer 145,EN349,53,Embraer,2003-01-18,2004-10-16,11053000,14650
Boeing 737-200,BW7779,105,Boeing,2002-07-14,2004-10-24,54805000,55250
McDonnell Douglas MD-80,MT3556,130,McDonnell Douglas,2002-11-17,2004-11-02,39230000,40500
Boeing 737-200,BF2995,100,Boeing,2002-11-11,2004-11-17,55600000,55000
Airbus A340,AV4805,380,Airbus,2003-11-10,2004-11-24,99180000,186000
Embraer 195,EL490,122,Embraer,2004-10-05,2005-01-19,46622000,35100
Airbus A318,AS593,130,Airbus,2003-08-06,2005-02-28,47530000,41500
Boeing 757-300,BW1921,205,Boeing,2004-12-25,2005-07-06,51105000,62250
Airbus A318,AX5373,125,Airbus,2004-09-06,2005-07-11,47625000,41250
L-1011 TriStar,LQ3384,225,Lockheed,2004-11-20,2005-07-29,30925000,123250
Airbus A340,AS4311,305,Airbus,2002-08-28,2005-08-16,99005000,182250
Boeing 737-200,BN3915,100,Boeing,2004-04-26,2005-08-31,55600000,55000
Airbus A318,AJ6142,135,Airbus,2002-11-09,2005-10-17,48835000,41750
Boeing 767,BL719,181,Boeing,2003-12-20,2005-10-18,49181000,89050
L-1011 TriStar,LH3850,234,Lockheed,2002-01-05,2005-11-28,31134000,123700
Airbus A318,AL7501,135,Airbus,2004-06-05,2005-12-08,48835000,41750
McDonnell Douglas MD-80,MK3974,135,McDonnell Douglas,2003-12-15,2005-12-18,39135000,40750
Airbus A300,AH2561,266,Airbus,2004-07-19,2006-02-20,89366000,121300
Airbus A318,AV4982,135,Airbus,2003-05-19,2006-03-07,48535000,41750
Boeing 767,BY1056,186,Boeing,2003-09-27,2006-03-14,48386000,89300
Embraer 175,EN2689,112,Embraer,2004-11-05,2006-03-29,38612000,27600
Airbus A318,AN2809,125,Airbus,2005-05-19,2006-04-11,49325000,41250
Airbus A318,AE5424,135,Airbus,2003-04-30,2006-04-29,48135000,41750
Boeing 767,BC5281,375,Boeing,2004-01-11,2006-04-29,49475000,98750
Boeing 767,BS6033,375,Boeing,2003-08-18,2006-05-07,48575000,98750
Embraer 175,ES4333,105,Embraer,2005-05-26,2006-08-19,39505000,27250
Airbus A318,AX3938,135,Airbus,2004-02-05,2006-08-28,48235000,41750
Embraer 195,EU376,113,Embraer,2005-05-29,2006-09-09,46713000,34650
Embraer 190,ER2272,98,Embraer,2005-11-20,2006-09-15,49298000,31900
Embraer 195,EP3150,113,Embraer,2005-01-19,2006-09-24,48113000,34650
Boeing 767,BD5658,375,Boeing,2005-10-07,2006-09-25,49175000,98750
Embraer 175,EY7643,105,Embraer,2004-01-16,2006-10-12,38805000,27250
Airbus A318,AL7666,125,Airbus,2005-12-28,2006-10-28,49325000,41250
Embraer 175,EO5599,100,Embraer,2004-09-26,2006-10-31,40200000,27000
Embraer 190,EU174,98,Embraer,2005-11-20,2006-11-17,48898000,31900
Embraer 175,EW7342,112,Embraer,2005-11-07,2006-12-04,39912000,27600
Embraer 175,EW3334,105,Embraer,2005-07-17,2006-12-27,39505000,27250
Embraer 195,EQ7906,122,Embraer,2006-03-23,2007-01-18,46822000,35100
Airbus A318,AS7067,130,Airbus,2004-03-08,2007-01-24,48230000,41500
Embraer 190,EQ5428,106,Embraer,2005-09-14,2007-02-01,49106000,32300
Boeing 767,BJ5961,375,Boeing,2006-11-30,2007-02-02,48075000,98750
Embraer 145,EJ4969,53,Embraer,2006-10-08,2007-02-24,11353000,14650
Airbus A340,AS6270,305,Airbus,2005-08-16,2007-03-05,98305000,182250
Airbus A340,AV2937,380,Airbus,2005-07-01,2007-03-28,99580000,186000
Embraer 195,ER3041,122,Embraer,2006-08-18,2007-04-15,48222000,35100
Airbus A340,AV5035,305,Airbus,2004-10-19,2007-04-17,98405000,182250
Airbus A318,AV7665,135,Airbus,2005-11-05,2007-04-24,48935000,41750
Airbus A340,AJ5744,300,Airbus,2006-03-30,2007-04-28,99200000,182000
McDonnell Douglas MD-80,MS422,135,McDonnell Douglas,2006-04-12,2007-05-06,39435000,40750
Embraer 175,EL1823,105,Embraer,2004-07-01,2007-05-13,40005000,27250
Embraer 190,EO2109,98,Embraer,2006-04-19,2007-06-09,48198000,31900
L-1011 TriStar,LL1574,220,Lockheed,2006-05-08,2007-06-29,32320000,123000
Embraer 190,EA1758,106,Embraer,2005-05-20,2007-07-07,48506000,32300
Boeing 767,BF1368,181,Boeing,2005-12-15,2007-07-18,49381000,89050
Boeing 767,BB3365,375,Boeing,2004-05-03,2007-08-01,49475000,98750
Embraer 195,ED7152,108,Embraer,2005-10-03,2007-08-24,46708000,34400
Embraer 145,EV3993,48,Embraer,2004-09-16,2007-08-28,9748000,14400
Airbus A318,AF1695,135,Airbus,2006-10-14,2007-09-05,47835000,41750
Embraer 190,EA2201,98,Embraer,2006-03-11,2007-09-27,48598000,31900
Embraer 195,EV7192,113,Embraer,2005-04-17,2007-09-27,46913000,34650
Embraer 175,EG692,105,Embraer,2005-02-01,2007-10-25,38905000,27250
Embraer 190,EW7114,98,Embraer,2006-02-15,2007-11-08,48998000,31900
Boeing 757-300,BF5002,234,Boeing,2005-11-01,2007-11-17,50434000,63700
Airbus A318,AY6650,135,Airbus,2004-11-28,2007-11-29,47835000,41750
Embraer 145,EN3006,51,Embraer,2005-09-05,2008-01-05,9851000,14550
Airbus A340,AH1242,305,Airbus,2005-03-10,2008-02-11,99505000,182250
Embraer 195,EH6046,122,Embraer,2006-09-29,2008-02-16,48422000,35100
McDonnell Douglas MD-80,MY1604,130,McDonnell Douglas,2007-07-26,2008-03-26,39130000,40500
Embraer 190,EO6541,106,Embraer,2006-01-19,2008-04-04,49206000,32300
Airbus A340,AB4837,380,Airbus,2006-10-09,2008-04-10,99280000,186000
Embraer 175,EI212,100,Embraer,2006-03-14,2008-04-20,39400000,27000
Embraer 175,EW4282,105,Embraer,2006-03-05,2008-04-26,39405000,27250
Embraer 190,EF1901,103,Embraer,2006-01-10,2008-05-07,49003000,32150
L-1011 TriStar,LT5991,234,Lockheed,2007-08-10,2008-05-22,31634000,123700
McDonnell Douglas MD-80,MG1311,135,McDonnell Douglas,2005-05-20,2008-06-01,40335000,40750
Airbus A318,AR574,135,Airbus,2006-09-26,2008-06-01,47835000,41750
Airbus A380,AD3807,560,Airbus,2007-08-06,2008-06-04,374760000,304000
Airbus A380,AS1704,570,Airbus,2007-02-23,2008-06-16,374760000,304500
Airbus A318,AI4629,130,Airbus,2005-08-27,2008-06-26,47730000,41500
Embraer 190,EX6385,106,Embraer,2007-10-08,2008-07-06,49506000,32300
Airbus A318,AV3602,130,Airbus,2005-08-01,2008-09-14,47930000,41500
Embraer 195,EC314,108,Embraer,2006-04-26,2008-09-15,48208000,34400
McDonnell Douglas MD-80,MC3281,135,McDonnell Douglas,2005-07-03,2008-09-21,39735000,40750
Embraer 175,EU2209,112,Embraer,2006-05-31,2008-09-21,40412000,27600
Embraer 190,EG6445,98,Embraer,2006-05-31,2008-10-02,49398000,31900
Airbus A380,AL1189,560,Airbus,2007-04-15,2008-10-07,374560000,304000
McDonnell Douglas MD-80,MJ5399,135,McDonnell Douglas,2005-01-15,2008-10-10,39935000,40750
L-1011 TriStar,LF179,225,Lockheed,2007-03-24,2008-10-18,32025000,123250
Airbus A318,AT2488,135,Airbus,2006-09-09,2008-10-26,49235000,41750
McDonnell Douglas MD-80,MU5829,130,McDonnell Douglas,2006-04-04,2008-11-01,39630000,40500
Embraer 190,EI3363,106,Embraer,2005-07-27,2008-11-19,48106000,32300
Embraer 175,EC453,112,Embraer,2005-10-19,2008-11-20,40312000,27600
Airbus A318,AS2571,130,Airbus,2007-12-01,2008-12-12,48130000,41500
Boeing 767,BI6468,181,Boeing,2006-02-25,2009-01-13,48081000,89050
Embraer 190,EK960,103,Embraer,2006-08-30,2009-01-20,49003000,32150
Airbus A300,AW7447,266,Airbus,2008-04-02,2009-01-22,88366000,121300
Boeing 737-200,BF4759,100,Boeing,2007-04-24,2009-02-01,56100000,55000
Embraer 190,EA4730,106,Embraer,2007-02-25,2009-02-04,48906000,32300
L-1011 TriStar,LA5161,220,Lockheed,2006-05-26,2009-02-08,32120000,123000
Airbus A380,AI1698,565,Airbus,2008-01-17,2009-03-14,374865000,304250
Airbus A340,AC921,380,Airbus,2006-06-29,2009-03-18,98680000,186000
Embraer 195,ED7802,113,Embraer,2006-01-25,2009-04-17,48213000,34650
Airbus A340,AP2838,300,Airbus,2008-11-23,2009-05-09,99200000,182000
L-1011 TriStar,LY1385,234,Lockheed,2006-01-07,2009-05-21,31134000,123700
Airbus A340,AU6719,300,Airbus,2007-12-12,2009-07-16,99100000,182000
Embraer 190,EX6293,106,Embraer,2006-06-07,2009-07-30,49406000,32300
Embraer 175,EV2875,112,Embraer,2008-12-17,2009-08-24,39212000,27600
Airbus A380,AJ2246,560,Airbus,2007-01-02,2009-09-11,374360000,304000
Embraer 175,EQ6702,112,Embraer,2008-09-06,2009-09-30,40412000,27600
Embraer 190,EQ6572,98,Embraer,2006-09-09,2009-10-01,47998000,31900
Suchoj Superjet 100,SU6742,95,Suchoj,2008-09-26,2009-10-11,45595000,47750
Embraer 190,EO3051,106,Embraer,2006-02-01,2009-11-11,49206000,32300
Airbus A318,AP3165,130,Airbus,2007-06-23,2009-11-25,48930000,41500
Airbus A340,AK5614,305,Airbus,2007-05-14,2009-12-22,99705000,182250
Airbus A318,AQ7010,125,Airbus,2007-07-16,2009-12-26,48725000,41250
Airbus A318,AR991,130,Airbus,2008-12-07,2009-12-30,48230000,41500
Airbus A380,AU4303,565,Airbus,2008-12-31,2010-01-18,374465000,304250
Embraer 175,EJ6430,100,Embraer,2008-03-13,2010-01-30,40400000,27000
Suchoj Superjet 100,SG2649,110,Suchoj,2007-06-12,2010-02-07,44110000,48500
Embraer 175,ES7121,112,Embraer,2009-02-12,2010-02-14,39112000,27600
Embraer 190,EH7569,106,Embraer,2007-05-01,2010-02-16,49306000,32300
L-1011 TriStar,LW555,234,Lockheed,2009-12-13,2010-02-18,32634000,123700
Embraer 195,EN357,108,Embraer,2007-10-13,2010-02-19,47108000,34400
Airbus A318,AT6054,130,Airbus,2009-11-01,2010-03-08,48730000,41500
Boeing 757-300,BX5616,205,Boeing,2009-02-21,2010-04-01,51005000,62250
Airbus A300,AS4657,266,Airbus,2009-06-22,2010-04-02,89666000,121300
Airbus A318,AR715,130,Airbus,2008-07-27,2010-04-13,48630000,41500
Embraer 190,EN5241,106,Embraer,2008-01-21,2010-04-14,49206000,32300
Suchoj Superjet 100,SQ1349,90,Suchoj,2008-01-19,2010-04-23,44190000,47500
Suchoj Superjet 100,SR3111,110,Suchoj,2009-09-19,2010-04-23,45310000,48500
Embraer 195,ES2868,108,Embraer,2007-12-08,2010-05-06,47908000,34400
Boeing 737-200,BD2110,105,Boeing,2009-07-12,2010-05-10,55305000,55250
Embraer 195,EY7867,113,Embraer,2007-08-15,2010-05-17,47513000,34650
Boeing 767,BV4549,181,Boeing,2009-01-26,2010-06-08,49581000,89050
Embraer 175,EH6809,112,Embraer,2008-04-11,2010-06-15,40212000,27600
Embraer 195,EN7215,108,Embraer,2008-11-08,2010-06-18,47408000,34400
Airbus A318,AM149,135,Airbus,2009-02-04,2010-07-05,49135000,41750
Boeing 767,BA6271,186,Boeing,2008-06-29,2010-07-11,48086000,89300
Embraer 190,EA6058,103,Embraer,2007-09-26,2010-07-11,49303000,32150
Embraer 195,ES1456,122,Embraer,2007-02-21,2010-07-13,47722000,35100
Airbus A300,AI3671,266,Airbus,2007-04-10,2010-07-17,89666000,121300
Airbus A318,AB5610,130,Airbus,2009-12-23,2010-07-22,48530000,41500
Airbus A380,AS7826,565,Airbus,2009-03-29,2010-07-23,374565000,304250
Airbus A318,AT7414,130,Airbus,2009-08-08,2010-08-03,48130000,41500
Airbus A380,AQ3553,560,Airbus,2008-11-12,2010-08-08,374660000,304000
Suchoj Superjet 100,SK2706,90,Suchoj,2007-07-21,2010-08-15,44290000,47500
Embraer 195,EV5624,108,Embraer,2009-08-08,2010-08-22,47308000,34400
Suchoj Superjet 100,SR7708,110,Suchoj,2009-04-19,2010-08-28,44110000,48500
Airbus A340,AU2469,300,Airbus,2009-09-17,2010-09-03,99300000,182000
Embraer 175,EN6839,105,Embraer,2008-04-13,2010-09-05,40205000,27250
McDonnell Douglas MD-80,MM2919,172,McDonnell Douglas,2008-09-24,2010-09-08,39072000,42600
Suchoj Superjet 100,SV548,90,Suchoj,2007-11-11,2010-09-18,45290000,47500
Embraer 195,ET5374,122,Embraer,2009-06-03,2010-09-24,47122000,35100
Airbus A300,AE2240,260,Airbus,2007-12-16,2010-09-26,88860000,121000
Airbus A340,AW7503,300,Airbus,2007-07-03,2010-10-06,98500000,182000
Airbus A380,AQ5485,863,Airbus,2008-10-08,2010-10-11,375163000,319150
Airbus A380,AN3956,863,Airbus,2008-08-27,2010-10-12,374763000,319150
Airbus A318,AA6603,130,Airbus,2007-10-23,2010-11-06,47930000,41500
Embraer 175,ED4159,100,Embraer,2008-11-05,2010-11-13,39400000,27000
Airbus A380,AA4406,575,Airbus,2009-07-17,2010-11-17,375765000,304750
Boeing 767,BT7288,385,Boeing,2008-04-16,2010-11-21,48675000,99250
Boeing 737-200,BK3293,105,Boeing,2009-07-26,2010-12-12,55105000,55250
Airbus A380,AE281,560,Airbus,2008-04-30,2010-12-12,374460000,304000
Embraer 175,EC328,105,Embraer,2007-12-17,2010-12-24,38905000,27250
Suchoj Superjet 100,ST3781,90,Suchoj,2008-07-30,2011-01-01,44390000,47500
Embraer 145,EJ3601,51,Embraer,2010-01-02,2011-01-07,10551000,14550
Airbus A380,AJ6143,560,Airbus,2010-05-07,2011-01-07,375460000,304000
Airbus A380,AH3285,565,Airbus,2009-05-20,2011-01-13,375965000,304250
Embraer 175,EU425,100,Embraer,2009-12-24,2011-01-21,40300000,27000
Boeing 757-300,BR4789,200,Boeing,2009-08-06,2011-01-31,50400000,62000
Embraer 190,EQ6961,98,Embraer,2008-06-04,2011-02-05,48198000,31900
Airbus A318,AO3157,135,Airbus,2010-09-17,2011-02-14,48835000,41750
Embraer 195,EL5683,113,Embraer,2010-11-12,2011-02-21,48813000,34650
Airbus A340,AS4418,380,Airbus,2009-04-26,2011-03-03,99180000,186000
Boeing 787 JumboJet,BT5285,581,Boeing,2010-07-03,2011-03-06,210881000,240050
Airbus A380,AO4681,565,Airbus,2008-08-13,2011-03-10,375665000,304250
Boeing 787 JumboJet,BA4529,362,Boeing,2010-07-15,2011-03-19,210862000,229100
Embraer 195,EU4077,108,Embraer,2008-01-26,2011-04-01,48008000,34400
Embraer 175,EN572,112,Embraer,2010-08-09,2011-04-01,39412000,27600
Embraer 195,EQ2158,113,Embraer,2009-04-25,2011-04-06,47713000,34650
Suchoj Superjet 100,SE1354,90,Suchoj,2008-06-13,2011-04-16,45390000,47500
Boeing 787 Dreamliner,BH4978,215,Boeing,2010-08-25,2011-04-19,162515000,100750
Boeing 757-300,BP4016,200,Boeing,2010-03-19,2011-05-08,50700000,62000
Airbus A380,AK360,570,Airbus,2009-07-11,2011-05-10,375560000,304500
Airbus A380,AQ1785,863,Airbus,2009-11-12,2011-05-10,375663000,319150
Airbus A318,AI2665,130,Airbus,2009-05-14,2011-05-11,48930000,41500
Suchoj Superjet 100,SP1101,95,Suchoj,2009-11-11,2011-05-14,44095000,47750
Embraer 145,ER1401,48,Embraer,2010-11-11,2011-06-01,10148000,14400
Embraer 175,EE1892,112,Embraer,2009-10-17,2011-06-02,39912000,27600
Embraer 175,EU7283,112,Embraer,2010-02-07,2011-06-07,40812000,27600
Suchoj Superjet 100,SB3036,90,Suchoj,2008-07-05,2011-06-12,44190000,47500
Boeing 767,BC4393,181,Boeing,2009-12-10,2011-06-12,48781000,89050
Boeing 787 JumboJet,BV2631,367,Boeing,2010-07-16,2011-06-15,212067000,229350
Airbus A380,AX371,863,Airbus,2008-02-21,2011-06-15,375563000,319150
Suchoj Superjet 100,SW4725,90,Suchoj,2008-06-03,2011-07-01,44990000,47500
Boeing 787 JumboJet,BY2623,362,Boeing,2010-07-23,2011-07-01,211462000,229100
Airbus A318,AG372,135,Airbus,2010-11-15,2011-07-19,49435000,41750
Suchoj Superjet 100,SU4863,95,Suchoj,2008-10-03,2011-08-23,44595000,47750
Boeing 787 JumboJet,BV1180,362,Boeing,2010-09-05,2011-10-03,212062000,229100
Boeing 787 Dreamliner,BO1290,210,Boeing,2010-08-19,2011-10-07,162910000,100500
Airbus A300,AO3628,260,Airbus,2008-01-27,2011-11-05,88560000,121000
Airbus A318,AM1557,125,Airbus,2008-01-03,2011-11-06,48025000,41250
Airbus A380,AK6580,560,Airbus,2009-09-09,2011-11-14,375960000,304000
McDonnell Douglas MD-80,MO5880,172,McDonnell Douglas,2009-12-28,2011-11-16,39172000,42600
Embraer 175,EN2501,112,Embraer,2008-06-20,2011-11-19,40212000,27600
Suchoj Superjet 100,SG1746,90,Suchoj,2009-09-04,2011-11-22,45290000,47500
Boeing 787 Dreamliner,BE3289,250,Boeing,2010-09-17,2011-11-27,162550000,102500
Boeing 787 Dreamliner,BR6913,215,Boeing,2010-03-10,2011-12-04,162315000,100750
Suchoj Superjet 100,SU3833,110,Suchoj,2009-08-31,2011-12-09,45310000,48500
Embraer 175,EC2433,100,Embraer,2008-09-15,2011-12-09,40600000,27000
Suchoj Superjet 100,SA7027,90,Suchoj,2009-11-08,2011-12-27,45490000,47500
Embraer 175,EG235,105,Embraer,2008-04-13,2011-12-29,39405000,27250
Boeing 737 MAX,BF1443,205,Boeing,2011-07-09,2012-01-08,121005000,81250
L-1011 TriStar,LT2544,225,Lockheed,2009-09-04,2012-01-10,31625000,123250
Boeing 787 Dreamliner,BM1918,210,Boeing,2010-10-03,2012-01-11,163710000,100500
Boeing 737 MAX,BR5649,200,Boeing,2011-11-07,2012-01-12,120800000,81000
Embraer 195,EO914,122,Embraer,2011-12-27,2012-01-13,48122000,35100
Boeing 787 JumboJet,BK1722,367,Boeing,2010-07-16,2012-01-14,212067000,229350
Airbus A220-100,AB3271,113,Airbus,2011-02-02,2012-01-22,69513000,54650
Boeing 787 Dreamliner,BL4630,210,Boeing,2010-02-12,2012-01-25,163310000,100500
Suchoj Superjet 100,SK7183,95,Suchoj,2010-12-10,2012-01-26,45195000,47750
Airbus A318,AQ7440,130,Airbus,2010-08-24,2012-02-03,48230000,41500
Suchoj Superjet 100,SJ1526,90,Suchoj,2010-04-25,2012-02-14,45190000,47500
Suchoj Superjet 100,SJ1750,90,Suchoj,2011-04-25,2012-02-15,45290000,47500
Airbus A340,AC239,305,Airbus,2009-02-05,2012-02-16,99305000,182250
Boeing 787 JumboJet,BF729,581,Boeing,2011-12-05,2012-02-26,211381000,240050
Airbus A220-100,AX1565,113,Airbus,2011-01-16,2012-03-05,69313000,54650
Boeing 787 JumboJet,BV469,367,Boeing,2011-06-24,2012-03-10,211967000,229350
Embraer 190,ER7239,106,Embraer,2010-09-08,2012-03-19,49206000,32300
Embraer 175,ER636,112,Embraer,2011-02-15,2012-03-29,40312000,27600
Suchoj Superjet 100,SM4144,90,Suchoj,2011-02-19,2012-04-04,44690000,47500
Airbus A340,AY6159,380,Airbus,2009-06-29,2012-04-09,98980000,186000
Airbus A300,AU2508,265,Airbus,2011-07-03,2012-05-03,89465000,121250
Embraer 195,EE3540,122,Embraer,2010-04-07,2012-05-09,47622000,35100
Airbus A318,AE1540,135,Airbus,2010-07-27,2012-05-30,49435000,41750
Embraer 190,ED3464,103,Embraer,2010-01-09,2012-06-02,48603000,32150
Embraer 195,ET1477,113,Embraer,2009-08-26,2012-06-13,48513000,34650
Airbus A380,AY6718,565,Airbus,2011-03-15,2012-06-20,375765000,304250
Boeing 787 Dreamliner,BG3520,250,Boeing,2011-01-02,2012-06-21,164050000,102500
McDonnell Douglas MD-80,MP5272,135,McDonnell Douglas,2010-04-28,2012-06-22,39435000,40750
Airbus A380,AC5975,565,Airbus,2011-04-21,2012-07-09,375165000,304250
Embraer 195,EC4680,122,Embraer,2011-05-15,2012-07-12,48522000,35100
Airbus A380,AU4943,560,Airbus,2009-09-04,2012-07-17,375360000,304000
Boeing 787 JumboJet,BF2532,367,Boeing,2010-11-17,2012-07-17,211267000,229350
Embraer 190,EO4448,103,Embraer,2009-03-14,2012-08-16,48903000,32150
Embraer 145,EM2429,53,Embraer,2009-10-26,2012-08-17,10653000,14650
Boeing 737 MAX,BR4600,205,Boeing,2011-06-03,2012-08-20,120405000,81250
Boeing 737 MAX,BO3608,200,Boeing,2011-01-05,2012-08-29,120400000,81000
Suchoj Superjet 100,ST2195,110,Suchoj,2010-06-26,2012-09-03,44410000,48500
Embraer 175,EE6931,112,Embraer,2010-09-06,2012-09-13,40212000,27600
Airbus A340,AM2370,305,Airbus,2011-11-02,2012-09-13,98705000,182250
Embraer 195,EV5954,113,Embraer,2010-05-26,2012-09-26,48213000,34650
Boeing 787 Dreamliner,BB7300,210,Boeing,2011-05-07,2012-09-30,162810000,100500
Airbus A318,AG6910,125,Airbus,2009-01-25,2012-10-01,48725000,41250
Boeing 787 JumboJet,BI7266,362,Boeing,2011-06-23,2012-10-01,211362000,229100
Boeing 787 Dreamliner,BT4297,210,Boeing,2010-03-06,2012-10-14,162910000,100500
Embraer 145,EU1507,51,Embraer,2010-05-02,2012-10-17,11751000,14550
Airbus A220-100,AF2415,113,Airbus,2011-01-15,2012-10-21,70313000,54650
Airbus A220-100,AT5656,108,Airbus,2011-06-08,2012-10-27,69508000,54400
Embraer 190,EF4895,103,Embraer,2009-03-18,2012-10-31,48103000,32150
Embraer 190,EV7617,106,Embraer,2010-07-05,2012-11-06,49606000,32300
Airbus A380,AA4901,565,Airbus,2010-12-06,2012-11-26,375265000,304250
Airbus A220-100,AV6110,133,Airbus,2011-12-29,2012-12-05,70533000,55650
Airbus A380,AK1144,863,Airbus,2011-07-12,2012-12-18,375063000,319150
Embraer 190,EI5401,106,Embraer,2010-05-31,2012-12-27,49206000,32300
Airbus A318,AB3248,125,Airbus,2012-11-12,2013-01-01,48625000,41250
Boeing 737 MAX,BK6442,200,Boeing,2011-06-03,2013-01-11,121000000,81000
Boeing 767,BS4683,375,Boeing,2011-03-24,2013-01-11,49375000,98750
Boeing 737 MAX,BU4202,205,Boeing,2012-03-25,2013-01-14,120705000,81250
Embraer 175,EG5459,100,Embraer,2010-11-11,2013-01-14,40400000,27000
Boeing 787 Dreamliner,BU4605,215,Boeing,2011-12-21,2013-01-22,163015000,100750
Boeing 737 MAX,BQ3968,205,Boeing,2012-09-03,2013-02-05,121705000,81250
Boeing 737 MAX,BB828,230,Boeing,2012-03-18,2013-02-08,121330000,82500
Boeing 737 MAX,BN6581,230,Boeing,2011-06-14,2013-02-18,121230000,82500
Embraer 190,EH3830,98,Embraer,2011-10-23,2013-03-04,49898000,31900
Airbus A220-100,AB3078,108,Airbus,2011-11-11,2013-03-08,69308000,54400
Boeing 757-300,BM1555,234,Boeing,2011-03-29,2013-03-13,50634000,63700
Airbus A318,AN3546,130,Airbus,2010-11-25,2013-03-13,49830000,41500
Embraer 195,EV1464,122,Embraer,2011-10-04,2013-03-30,48522000,35100
Boeing 787 Dreamliner,BV3226,215,Boeing,2011-03-05,2013-04-01,162815000,100750
Boeing 757-300,BK4478,205,Boeing,2011-02-04,2013-04-12,52005000,62250
Boeing 787 JumboJet,BS5684,367,Boeing,2011-02-09,2013-04-13,210967000,229350
Airbus A220-100,AX7042,133,Airbus,2012-06-27,2013-04-13,71033000,55650
McDonnell Douglas MD-80,MQ787,172,McDonnell Douglas,2012-06-11,2013-04-14,41072000,42600
Embraer 190,ES1407,98,Embraer,2010-02-18,2013-04-14,49398000,31900
Embraer 195,EP1834,122,Embraer,2010-10-17,2013-04-14,48422000,35100
Boeing 787 JumboJet,BT2683,367,Boeing,2010-12-10,2013-04-27,211867000,229350
Boeing 787 Dreamliner,BU7591,215,Boeing,2012-08-12,2013-04-29,163715000,100750
Boeing 787 JumboJet,BI6399,367,Boeing,2010-09-24,2013-05-02,210867000,229350
Boeing 787 Dreamliner,BN617,210,Boeing,2012-12-29,2013-05-15,162710000,100500
Boeing 787 JumboJet,BW4245,581,Boeing,2011-11-26,2013-05-17,211981000,240050
Airbus A380,AR1321,565,Airbus,2010-10-28,2013-05-28,375865000,304250
L-1011 TriStar,LQ1431,234,Lockheed,2012-07-25,2013-05-28,31734000,123700
Embraer 190,EL3067,106,Embraer,2010-11-04,2013-05-31,49406000,32300
Airbus A220-100,AH1679,133,Airbus,2011-01-30,2013-06-16,69733000,55650
Boeing 737 MAX,BO2479,200,Boeing,2011-10-07,2013-06-24,120600000,81000
Airbus A220-100,AD2236,108,Airbus,2012-07-21,2013-06-30,69408000,54400
Airbus A380,AW419,560,Airbus,2012-04-26,2013-07-10,374860000,304000
Boeing 787 JumboJet,BR5289,367,Boeing,2010-12-01,2013-07-12,211467000,229350
Boeing 787 Dreamliner,BA7942,215,Boeing,2012-08-25,2013-07-21,163915000,100750
Boeing 787 JumboJet,BV5903,581,Boeing,2012-06-02,2013-07-22,211481000,240050
Embraer 175,EP2568,115,Embraer,2012-02-22,2013-07-28,40805000,27750
Boeing 787 Dreamliner,BX5222,215,Boeing,2012-06-16,2013-08-07,163515000,100750
Airbus A220-100,AG3893,133,Airbus,2011-05-08,2013-08-09,70933000,55650
McDonnell Douglas MD-80,MA6302,130,McDonnell Douglas,2011-03-18,2013-08-16,40130000,40500
McDonnell Douglas MD-80,MK6272,135,McDonnell Douglas,2012-06-14,2013-08-16,40035000,40750
Boeing 737 MAX,BR7219,240,Boeing,2012-05-21,2013-08-30,121930000,83000
Boeing 787 JumboJet,BN4604,362,Boeing,2012-02-10,2013-08-31,212262000,229100
Embraer 145,EE1651,48,Embraer,2012-03-31,2013-09-04,10548000,14400
Boeing 737 MAX,BC5693,230,Boeing,2011-07-22,2013-09-05,120830000,82500
Suchoj Superjet 100,SD542,95,Suchoj,2011-07-28,2013-09-13,44295000,47750
Boeing 787 Dreamliner,BP1364,250,Boeing,2012-07-22,2013-09-16,163550000,102500
Embraer 145,ER7539,51,Embraer,2010-05-15,2013-09-17,11551000,14550
Boeing 737 MAX,BH1049,230,Boeing,2011-03-26,2013-09-18,122030000,82500
Boeing 737 MAX,BK649,230,Boeing,2011-06-07,2013-09-20,122030000,82500
Airbus A220-100,AG1748,123,Airbus,2012-08-15,2013-09-20,70413000,55150
Embraer 175,EY3705,112,Embraer,2012-04-13,2013-09-27,40612000,27600
Boeing 787 Dreamliner,BD2322,210,Boeing,2010-04-13,2013-09-28,163310000,100500
Embraer 190,EU5884,103,Embraer,2012-01-19,2013-10-06,48403000,32150
Boeing 757-300,BI931,205,Boeing,2011-09-23,2013-10-06,50805000,62250
Boeing 737 MAX,BQ7279,200,Boeing,2012-12-28,2013-10-07,121900000,81000
Airbus A380,AY5893,565,Airbus,2011-07-31,2013-10-09,375365000,304250
Airbus A380,AT2309,863,Airbus,2012-10-21,2013-10-19,376363000,319150
Suchoj Superjet 100,SV487,95,Suchoj,2011-11-08,2013-10-21,44295000,47750
Suchoj Superjet 100,SH4737,95,Suchoj,2011-02-13,2013-10-26,45695000,47750
Boeing 787 Dreamliner,BT275,250,Boeing,2012-09-12,2013-11-05,162550000,102500
Embraer 190,EF3091,103,Embraer,2012-01-23,2013-11-14,49203000,32150
Airbus A220-100,AP1964,108,Airbus,2011-04-28,2013-11-16,69508000,54400
Embraer 195,EE3737,122,Embraer,2011-05-21,2013-11-21,47922000,35100
Embraer 195,EO890,113,Embraer,2010-01-10,2013-12-08,48413000,34650
Airbus A220-100,AQ6887,108,Airbus,2012-04-16,2013-12-11,70008000,54400
Boeing 737 MAX,BR4500,230,Boeing,2011-02-27,2013-12-11,120830000,82500
Boeing 787 Dreamliner,BM4127,250,Boeing,2010-01-18,2013-12-15,163950000,102500
Boeing 787 Dreamliner,BE1967,250,Boeing,2013-12-02,2014-01-09,163050000,102500
Embraer 175,EO6684,100,Embraer,2013-04-21,2014-01-20,40900000,27000
Suchoj Superjet 100,SE3792,90,Suchoj,2013-07-09,2014-01-27,45290000,47500
Airbus A220-100,AI3573,113,Airbus,2012-12-10,2014-02-01,70213000,54650
Embraer 145,EF3787,63,Embraer,2012-11-15,2014-02-27,11953000,15150
Boeing 737 MAX,BM3493,230,Boeing,2013-05-27,2014-03-16,121230000,82500
Airbus A380,AW4167,565,Airbus,2011-07-31,2014-03-17,376165000,304250
Suchoj Superjet 100,SL4554,95,Suchoj,2011-08-18,2014-03-20,44895000,47750
Boeing 737 MAX,BR1473,200,Boeing,2013-11-14,2014-04-02,120800000,81000
McDonnell Douglas MD-80,ML5461,135,McDonnell Douglas,2011-06-06,2014-04-02,40335000,40750
Boeing 787 JumboJet,BV1214,367,Boeing,2012-02-29,2014-04-03,211467000,229350
Boeing 787 JumboJet,BA7911,367,Boeing,2011-11-08,2014-04-07,210967000,229350
Boeing 787 JumboJet,BL1723,581,Boeing,2012-09-02,2014-04-20,211681000,240050
Embraer 195,EV859,113,Embraer,2012-11-04,2014-04-20,48813000,34650
Embraer 175,EH7464,100,Embraer,2011-12-11,2014-04-22,39700000,27000
Airbus A220-100,AN1041,108,Airbus,2012-06-14,2014-04-22,70608000,54400
Boeing 737 MAX,BT1013,205,Boeing,2011-06-30,2014-04-23,120405000,81250
Embraer 145,EA7467,48,Embraer,2011-02-01,2014-04-26,11848000,14400
Airbus A318,AA6129,130,Airbus,2012-12-10,2014-04-27,49030000,41500
Airbus A220-100,AA4175,108,Airbus,2011-07-28,2014-04-30,70508000,54400
Boeing 737 MAX,BT6127,230,Boeing,2011-06-07,2014-05-01,121830000,82500
Boeing 787 Dreamliner,BU2131,210,Boeing,2013-12-25,2014-05-03,163210000,100500
Airbus A380,AB1836,565,Airbus,2011-03-31,2014-05-05,376165000,304250
Airbus A220-100,AU671,113,Airbus,2012-10-28,2014-05-11,69413000,54650
Airbus A300,AV7284,275,Airbus,2011-05-03,2014-05-20,89465000,121750
L-1011 TriStar,LA1072,234,Lockheed,2012-07-10,2014-05-21,31534000,123700
Suchoj Superjet 100,SQ2243,90,Suchoj,2012-05-17,2014-05-21,44990000,47500
Airbus A220-100,AU1986,113,Airbus,2012-09-04,2014-05-22,70413000,54650
Airbus A380,AS6966,565,Airbus,2011-12-25,2014-05-31,376165000,304250
Airbus A220-100,AG4760,108,Airbus,2012-04-28,2014-06-14,69808000,54400
Boeing 787 JumboJet,BO2733,362,Boeing,2011-04-19,2014-06-15,210562000,229100
Airbus A380,AP5911,565,Airbus,2013-10-25,2014-06-15,375965000,304250
Boeing 737 MAX,BN5962,230,Boeing,2012-02-15,2014-06-16,121330000,82500
Airbus A318,AQ1817,125,Airbus,2012-03-30,2014-06-17,48425000,41250
Airbus A340,AP2354,300,Airbus,2012-03-28,2014-06-19,99400000,182000
Airbus A318,AJ6591,130,Airbus,2013-10-26,2014-07-04,48730000,41500
Boeing 787 JumboJet,BV1216,581,Boeing,2011-04-27,2014-07-07,211981000,240050
Boeing 787 Dreamliner,BN2663,215,Boeing,2011-03-27,2014-07-09,163615000,100750
Embraer 195,EA3284,113,Embraer,2011-05-10,2014-07-10,47313000,34650
Boeing 787 Dreamliner,BI3771,215,Boeing,2011-08-01,2014-07-10,164015000,100750
Boeing 787 JumboJet,BU6767,581,Boeing,2012-01-31,2014-07-11,211081000,240050
Boeing 787 JumboJet,BX3669,581,Boeing,2012-08-27,2014-07-12,211481000,240050
Boeing 737 MAX,BX5704,205,Boeing,2013-09-19,2014-07-27,120605000,81250
Boeing 767,BJ3333,181,Boeing,2013-11-20,2014-08-01,48981000,89050
Embraer 175,ER7680,112,Embraer,2011-06-19,2014-08-02,40912000,27600
Airbus A318,AC5536,130,Airbus,2013-12-18,2014-08-07,48930000,41500
Airbus A318,AL1267,135,Airbus,2012-07-03,2014-08-13,49435000,41750
Airbus A220-100,AR3772,133,Airbus,2013-10-02,2014-08-15,69933000,55650
Boeing 737 MAX,BS2387,200,Boeing,2011-11-18,2014-08-18,121400000,81000
Embraer 175,ER3000,112,Embraer,2012-11-21,2014-08-24,40012000,27600
Embraer 195,EL6607,118,Embraer,2013-03-08,2014-08-24,48908000,34900
Embraer 145,EU2741,51,Embraer,2013-12-23,2014-08-26,10451000,14550
Airbus A380,AM5064,565,Airbus,2012-04-19,2014-09-02,376465000,304250
Boeing 767,BI892,375,Boeing,2011-10-25,2014-09-07,48775000,98750
Embraer 175,EV5379,112,Embraer,2013-09-02,2014-09-08,40712000,27600
Suchoj Superjet 100,SY4242,95,Suchoj,2013-12-11,2014-09-18,46095000,47750
McDonnell Douglas MD-80,MF3075,135,McDonnell Douglas,2012-05-10,2014-09-19,39435000,40750
Boeing 757-300,BK1038,205,Boeing,2013-05-03,2014-09-21,51005000,62250
Boeing 737 MAX,BH1581,200,Boeing,2013-01-05,2014-10-10,121600000,81000
Airbus A220-100,AQ4942,108,Airbus,2012-02-13,2014-10-12,69408000,54400
Airbus A380,AK2301,565,Airbus,2011-01-27,2014-10-14,374965000,304250
Airbus A220-100,AK1847,133,Airbus,2012-02-14,2014-10-18,70033000,55650
Embraer 195,ER5316,108,Embraer,2011-03-24,2014-10-24,48508000,34400
Airbus A318,AO5750,130,Airbus,2013-04-21,2014-10-28,49330000,41500
Boeing 737 MAX,BV3219,205,Boeing,2011-08-14,2014-11-10,121005000,81250
Airbus A220-100,AW4542,108,Airbus,2013-06-26,2014-11-14,70508000,54400
Embraer 175,EK7902,105,Embraer,2011-08-15,2014-11-16,40505000,27250
Airbus A340,AS815,305,Airbus,2013-06-05,2014-11-29,100305000,182250
Boeing 787 Dreamliner,BQ3421,210,Boeing,2012-10-27,2014-11-30,162710000,100500
Airbus A220-100,AD6168,133,Airbus,2012-12-29,2014-12-01,70833000,55650
Embraer 175,ED6327,112,Embraer,2012-11-30,2014-12-09,40212000,27600
Suchoj Superjet 100,SR6300,95,Suchoj,2013-12-17,2014-12-10,44895000,47750
Boeing 787 Dreamliner,BO1278,210,Boeing,2011-11-17,2014-12-13,162410000,100500
Boeing 787 Dreamliner,BY4024,250,Boeing,2012-11-19,2014-12-21,163350000,102500
Embraer 145,EY1229,51,Embraer,2013-11-11,2015-01-15,10651000,14550
Boeing 787 JumboJet,BL2625,367,Boeing,2012-06-27,2015-01-24,210867000,229350
Boeing 737 MAX,BT7690,205,Boeing,2013-11-06,2015-02-15,121605000,81250
Embraer 145,ED2155,51,Embraer,2012-11-11,2015-02-18,11151000,14550
Boeing 787 JumboJet,BW6461,362,Boeing,2012-04-20,2015-02-20,212062000,229100
Embraer 190,ES4897,103,Embraer,2012-04-16,2015-02-20,49203000,32150
Boeing 787 Dreamliner,BF1252,250,Boeing,2012-09-15,2015-03-08,163950000,102500
Airbus A220-100,AP1378,108,Airbus,2012-07-22,2015-03-14,69808000,54400
Suchoj Superjet 100,SE7769,90,Suchoj,2012-01-11,2015-03-23,44390000,47500
Embraer 195,EF6820,113,Embraer,2013-05-21,2015-03-26,48313000,34650
Boeing 737 MAX,BK7354,200,Boeing,2012-05-16,2015-03-30,121100000,81000
McDonnell Douglas MD-80,MW3970,130,McDonnell Douglas,2013-09-23,2015-03-31,41130000,40500
Embraer 175,ED5635,100,Embraer,2013-11-22,2015-04-11,41100000,27000
Airbus A380,AL6577,863,Airbus,2012-10-10,2015-04-17,376163000,319150
Airbus A318,AA4290,130,Airbus,2013-12-19,2015-04-27,49530000,41500
Boeing 787 Dreamliner,BA570,250,Boeing,2013-03-17,2015-05-01,164050000,102500
Boeing 757-300,BM2607,234,Boeing,2013-02-21,2015-05-17,51034000,63700
Boeing 737 MAX,BF256,205,Boeing,2012-02-27,2015-05-18,121505000,81250
Suchoj Superjet 100,SV7974,95,Suchoj,2012-07-31,2015-05-18,44395000,47750
Boeing 787 JumboJet,BI1169,367,Boeing,2012-05-23,2015-05-26,212067000,229350
Airbus A220-100,AS5785,108,Airbus,2013-03-31,2015-06-12,69508000,54400
Embraer 195,EL2441,122,Embraer,2012-06-15,2015-06-17,48622000,35100
Airbus A220-100,AL5906,108,Airbus,2013-01-09,2015-06-23,70308000,54400
Airbus A380,AP4893,863,Airbus,2012-05-27,2015-06-29,375963000,319150
Embraer 195,EJ7517,113,Embraer,2012-08-15,2015-07-08,48813000,34650
Airbus A220-100,AC1044,113,Airbus,2013-07-09,2015-07-17,70113000,54650
Embraer 195,ER7304,122,Embraer,2012-02-11,2015-07-18,48622000,35100
Airbus A220-100,AA6150,113,Airbus,2013-06-02,2015-07-24,69713000,54650
Suchoj Superjet 100,SW1568,90,Suchoj,2012-07-15,2015-07-31,45190000,47500
Boeing 787 Dreamliner,BC3010,210,Boeing,2013-05-03,2015-08-13,163410000,100500
Embraer 175,EG4869,100,Embraer,2012-07-16,2015-08-14,40200000,27000
McDonnell Douglas MD-80,MH1971,130,McDonnell Douglas,2012-10-13,2015-08-14,39430000,40500
Boeing 737 MAX,BT5873,205,Boeing,2012-06-03,2015-08-20,121105000,81250
Airbus A220-100,AP124,133,Airbus,2012-10-26,2015-08-25,69833000,55650
Boeing 787 JumboJet,BC401,581,Boeing,2013-06-03,2015-09-05,212181000,240050
L-1011 TriStar,LV3026,220,Lockheed,2012-02-24,2015-09-09,32920000,123000
Boeing 737 MAX,BY5964,200,Boeing,2012-11-27,2015-09-19,120500000,81000
Boeing 737 MAX,BI203,230,Boeing,2013-06-13,2015-09-26,120830000,82500
Embraer 195,EJ2388,108,Embraer,2012-11-19,2015-10-03,48408000,34400
Embraer 175,EB7518,105,Embraer,2012-08-07,2015-10-08,39405000,27250
Boeing 737 MAX,BT2908,200,Boeing,2013-08-28,2015-10-15,121200000,81000
Embraer 190,EO2603,98,Embraer,2013-04-20,2015-10-18,48698000,31900
Embraer 175,EV3437,112,Embraer,2013-07-12,2015-10-25,40712000,27600
Airbus A380,AY3428,863,Airbus,2013-04-10,2015-11-02,375663000,319150
Airbus A340,AB7805,380,Airbus,2012-03-27,2015-11-06,99480000,186000
Boeing 737 MAX,BB4594,230,Boeing,2013-09-05,2015-11-11,121430000,82500
Boeing 787 JumboJet,BX597,581,Boeing,2012-04-30,2015-11-15,211281000,240050
Boeing 737 MAX,BC2221,200,Boeing,2013-07-17,2015-11-25,120600000,81000
Airbus A380,AY6093,560,Airbus,2012-09-06,2015-11-26,375260000,304000
Suchoj Superjet 100,SB6996,90,Suchoj,2013-05-19,2015-12-12,44490000,47500
McDonnell Douglas MD-80,MW2385,135,McDonnell Douglas,2012-08-07,2015-12-14,40835000,40750
Boeing 737 MAX,BB276,200,Boeing,2012-08-20,2015-12-18,121300000,81000
Embraer 195,EC5087,113,Embraer,2013-12-27,2015-12-29,49113000,34650
Boeing 737 MAX,BT986,230,Boeing,2012-12-16,2015-12-31,121330000,82500
Boeing 787 Dreamliner,BW4147,250,Boeing,2013-05-29,2016-01-18,163650000,102500
Boeing 787 JumboJet,BC1137,581,Boeing,2013-02-08,2016-01-24,211181000,240050
Embraer 175,EE1288,105,Embraer,2013-06-25,2016-01-28,40705000,27250
Embraer 195,EX6346,122,Embraer,2013-12-10,2016-02-16,48922000,35100
Boeing 787 JumboJet,BU647,362,Boeing,2013-10-05,2016-02-25,212162000,229100
Embraer 190,EL3003,103,Embraer,2013-09-17,2016-03-12,49303000,32150
Airbus A340,AV3942,305,Airbus,2013-03-10,2016-03-21,99105000,182250
Boeing 787 Dreamliner,BP2651,215,Boeing,2013-08-06,2016-04-07,163815000,100750
Airbus A318,AB2126,125,Airbus,2013-02-02,2016-04-10,49325000,41250
Airbus A220-100,AJ1287,108,Airbus,2013-01-04,2016-04-17,70508000,54400
Airbus A380,AC460,575,Airbus,2013-11-30,2016-05-13,376365000,304750
Suchoj Superjet 100,SG2470,90,Suchoj,2013-05-26,2016-06-04,45890000,47500
Boeing 787 Dreamliner,BM2634,215,Boeing,2013-05-29,2016-06-24,163215000,100750
Airbus A220-100,AE7787,108,Airbus,2013-07-09,2016-07-18,70108000,54400
Suchoj Superjet 100,SR3978,110,Suchoj,2013-10-01,2016-08-22,45510000,48500
Boeing 787 Dreamliner,BM393,210,Boeing,2013-03-22,2016-08-27,163210000,100500
Boeing 787 Dreamliner,BK3184,250,Boeing,2013-01-17,2016-09-23,163450000,102500
L-1011 TriStar,LK591,220,Lockheed,2013-11-15,2016-09-24,32420000,123000
Embraer 190,EB7295,98,Embraer,2013-07-21,2016-10-01,49698000,31900
Suchoj Superjet 100,SI4234,90,Suchoj,2013-05-27,2016-10-05,45890000,47500
Airbus A380,AV3077,560,Airbus,2013-06-02,2016-10-12,375360000,304000
Boeing 787 Dreamliner,BL3749,210,Boeing,2013-05-29,2016-10-12,163410000,100500
Airbus A220-100,AY7133,133,Airbus,2013-04-26,2016-10-23,70333000,55650
Airbus A318,AQ3875,135,Airbus,2013-11-09,2016-10-23,49535000,41750
Boeing 737 MAX,BJ7170,200,Boeing,2013-04-24,2016-10-27,121800000,81000
Boeing 737 MAX,BU6643,205,Boeing,2013-05-29,2016-11-02,120605000,81250
Airbus A220-100,AC778,113,Airbus,2013-07-19,2016-11-28,70913000,54650
Airbus A380,AA7468,560,Airbus,2013-04-20,2016-12-07,375160000,304000
Suchoj Superjet 100,SP5024,110,Suchoj,2013-10-12,2016-12-17,45110000,48500
Boeing 767,BI514,181,Boeing,1998-02-25,2017-01-02,48281000,89050
Embraer 195,EF1198,108,Embraer,2012-02-16,2017-02-01,48408000,34400
Boeing 767,BQ5317,375,Boeing,2009-06-16,2017-02-20,49375000,98750
Airbus A300,AW3123,265,Airbus,2002-04-05,2017-02-20,87765000,121250
Boeing 787 Dreamliner,BF7894,215,Boeing,2013-02-23,2017-03-02,163815000,100750
Boeing 787 Dreamliner,BF444,250,Boeing,2010-07-15,2017-04-03,163950000,102500
Airbus A220-100,AO6227,133,Airbus,2013-05-27,2017-04-08,70533000,55650
Airbus A300,AX5166,265,Airbus,1979-05-10,2017-04-09,86665000,121250
Airbus A300,AG3095,260,Airbus,1978-06-30,2017-04-12,86760000,121000
L-1011 TriStar,LC6811,225,Lockheed,2002-07-10,2017-04-17,31525000,123250
Boeing 737 MAX,BQ1022,205,Boeing,2011-10-15,2017-04-21,121005000,81250
Boeing 787 JumboJet,BM5446,581,Boeing,2012-05-24,2017-04-29,211081000,240050
Airbus A220-100,AP865,108,Airbus,2012-06-14,2017-04-29,70408000,54400
Airbus A300,AH7438,265,Airbus,1995-10-01,2017-06-02,88065000,121250
Airbus A318,AX6044,130,Airbus,2013-03-09,2017-06-05,50130000,41500
Suchoj Superjet 100,SX534,110,Suchoj,2010-12-07,2017-06-13,45610000,48500
Airbus A318,AK959,130,Airbus,2012-11-29,2017-06-15,49430000,41500
Embraer 195,EE7227,108,Embraer,2004-06-13,2017-06-15,47808000,34400
Embraer 195,EY6428,113,Embraer,2006-03-21,2017-06-21,47813000,34650
Boeing 737 MAX,BS4961,230,Boeing,2013-04-13,2017-07-11,121030000,82500
Airbus A340,AM1403,380,Airbus,2011-09-07,2017-07-13,98980000,186000
Boeing 737 MAX,BT6753,230,Boeing,2012-10-21,2017-07-29,121130000,82500
Boeing 787 JumboJet,BS5350,581,Boeing,2013-09-27,2017-08-11,211181000,240050
L-1011 TriStar,LN6078,234,Lockheed,1983-08-08,2017-08-18,29034000,123700
L-1011 TriStar,LM6504,225,Lockheed,1984-04-18,2017-08-18,30325000,123250
Suchoj Superjet 100,SV1564,90,Suchoj,2008-08-19,2017-09-08,44790000,47500
Airbus A220-100,AY375,133,Airbus,2013-09-25,2017-09-21,69933000,55650
Embraer 145,EI564,48,Embraer,1996-03-13,2017-10-06,8748000,14400
Embraer 175,EA3502,100,Embraer,2009-03-16,2017-10-13,39500000,27000
L-1011 TriStar,LI3503,220,Lockheed,2008-03-09,2017-10-30,31720000,123000
Boeing 737-200,BQ813,100,Boeing,1981-11-20,2017-11-25,52900000,55000
Airbus A380,AV1318,863,Airbus,2007-03-08,2017-12-22,376263000,319150
Airbus A318,AY6144,130,Airbus,2003-03-15,2017-12-27,48930000,41500
L-1011 TriStar,LW7259,225,Lockheed,1990-06-29,2018-01-07,29325000,123250
Embraer 190,ED1899,106,Embraer,2013-02-12,2018-01-09,49506000,32300
Boeing 737-200,BU4824,136,Boeing,1999-01-31,2018-01-21,55336000,56800
Boeing 787 JumboJet,BK688,362,Boeing,2013-10-08,2018-01-21,211962000,229100
Boeing 737 MAX,BW2369,230,Boeing,2011-11-28,2018-02-04,120830000,82500
Boeing 737-200,BJ2198,100,Boeing,1976-07-07,2018-02-17,52000000,55000
Airbus A318,AJ3341,125,Airbus,2004-08-31,2018-02-18,49025000,41250
Airbus A300,AY3800,260,Airbus,1990-08-29,2018-02-19,86560000,121000
Boeing 737 MAX,BK3891,230,Boeing,2013-02-13,2018-03-26,121830000,82500
Boeing 787 JumboJet,BM4918,362,Boeing,2013-07-28,2018-04-03,212162000,229100
Boeing 737-200,BF2420,105,Boeing,2012-09-09,2018-04-13,56005000,55250
Airbus A300,AO6977,266,Airbus,1988-03-05,2018-04-28,86566000,121300
L-1011 TriStar,LA6298,234,Lockheed,2003-05-02,2018-05-15,31834000,123700
McDonnell Douglas MD-80,MQ7106,172,McDonnell Douglas,2007-04-19,2018-05-30,39572000,42600
Boeing 737-200,BR4945,136,Boeing,2003-10-23,2018-05-31,55136000,56800
Boeing 787 JumboJet,BK948,581,Boeing,2011-04-01,2018-06-24,211581000,240050
Boeing 757-300,BH6888,200,Boeing,2004-12-24,2018-07-04,49900000,62000
Embraer 175,EU3828,100,Embraer,2009-02-24,2018-07-04,40700000,27000
Airbus A220-100,AP4733,113,Airbus,2012-12-17,2018-07-20,70013000,54650
L-1011 TriStar,LU166,225,Lockheed,1993-04-23,2018-07-30,30425000,123250
Embraer 145,EN2399,51,Embraer,2010-09-17,2018-08-13,10151000,14550
Suchoj Superjet 100,SK1946,110,Suchoj,2007-06-27,2018-08-20,44910000,48500
Boeing 757-300,BF6678,234,Boeing,1984-06-01,2018-09-14,48134000,63700
Airbus A220-100,AA3851,113,Airbus,2011-07-27,2018-09-23,70913000,54650
Embraer 195,EM3379,122,Embraer,2010-11-28,2018-10-11,48222000,35100
Boeing 737-200,BF1024,105,Boeing,1996-03-05,2018-10-16,54005000,55250
Boeing 787 JumboJet,BO6744,362,Boeing,2011-08-21,2018-11-01,211762000,229100
Airbus A318,AW4851,125,Airbus,2008-12-07,2018-11-20,48225000,41250
Airbus A220-100,AD2535,113,Airbus,2012-02-05,2018-11-29,69613000,54650
Boeing 737-200,BI3373,105,Boeing,1982-05-11,2018-12-03,53805000,55250
Boeing 767,BH2454,375,Boeing,2013-01-30,2018-12-05,50175000,98750
Airbus A380,AB280,560,Airbus,2008-10-15,2018-12-08,376060000,304000
Airbus A300,AS3514,265,Airbus,1996-08-02,2018-12-08,88565000,121250
Airbus A220-100,AL2758,133,Airbus,2011-02-25,2018-12-12,70133000,55650
Embraer 175,EQ6758,105,Embraer,2005-05-13,2018-12-15,38905000,27250
Boeing 737 MAX,BL6492,205,Boeing,2011-01-05,2018-12-23,121005000,81250
Boeing 787 Dreamliner,BX6288,215,Boeing,2013-06-11,2018-12-27,162615000,100750
Airbus A318,AX621,125,Airbus,2013-01-06,2019-01-11,49125000,41250
McDonnell Douglas MD-80,MH3318,172,McDonnell Douglas,2002-04-01,2019-01-13,39872000,42600
Suchoj Superjet 100,SO4218,95,Suchoj,2008-01-16,2019-01-26,44795000,47750
Airbus A340,AI7529,380,Airbus,2012-03-18,2019-02-12,98680000,186000
Boeing 787 JumboJet,BH5169,581,Boeing,2010-11-12,2019-03-04,210681000,240050
Airbus A300,AG1513,265,Airbus,1999-02-17,2019-03-06,88665000,121250
Boeing 767,BS5327,186,Boeing,2012-11-21,2019-03-15,49286000,89300
Boeing 737 MAX,BO2086,230,Boeing,2012-05-09,2019-03-16,121530000,82500
Boeing 757-300,BA3544,200,Boeing,1985-04-25,2019-03-24,48000000,62000
Embraer 145,ES4697,48,Embraer,2010-06-22,2019-03-28,10748000,14400
Embraer 190,EV4020,106,Embraer,2005-09-15,2019-04-01,48906000,32300
Suchoj Superjet 100,SG7463,95,Suchoj,2009-12-23,2019-04-16,44695000,47750
Airbus A380,AI944,863,Airbus,2008-11-14,2019-05-15,375563000,319150
Airbus A380,AG7352,560,Airbus,2007-04-12,2019-06-23,375760000,304000
Airbus A318,AE6242,125,Airbus,2007-10-13,2019-07-14,48525000,41250
Airbus A220-100,AA6924,113,Airbus,2012-04-19,2019-07-20,69613000,54650
Suchoj Superjet 100,SA176,95,Suchoj,2011-09-02,2019-07-26,44295000,47750
Boeing 787 Dreamliner,BR4399,210,Boeing,2011-11-07,2019-08-21,162810000,100500
Boeing 787 JumboJet,BQ1030,581,Boeing,2012-09-09,2019-09-07,212481000,240050
Airbus A318,AY2822,135,Airbus,2006-12-06,2019-09-15,49035000,41750
Suchoj Superjet 100,SS6483,110,Suchoj,2013-04-08,2019-10-04,45910000,48500
Suchoj Superjet 100,SC6134,110,Suchoj,2010-09-17,2019-10-25,44610000,48500
Embraer 145,EK4695,51,Embraer,2001-10-29,2019-11-05,10251000,14550
Embraer 145,EQ5878,48,Embraer,1994-06-28,2019-11-11,9148000,14400
Airbus A300,AH889,260,Airbus,1997-01-26,2019-11-12,88260000,121000
Airbus A220-100,AH7594,108,Airbus,2013-10-13,2019-11-23,69508000,54400
Embraer 175,ER7608,100,Embraer,2006-03-31,2019-11-27,39800000,27000
Embraer 195,EQ7641,108,Embraer,2010-08-27,2019-11-29,47608000,34400
Embraer 175,EV1151,100,Embraer,2009-02-19,2019-12-08,39300000,27000
Boeing 787 Dreamliner,BL6799,215,Boeing,2012-02-14,2019-12-09,163715000,100750
